{"cameraMode":{"drawMode":0,"name":"Shaded","section":"Shading Mode"},"sceneLighting":true,"audioPlay":false,"sceneViewState":{"m_AlwaysRefresh":false,"showFog":true,"showSkybox":true,"showFlares":true,"showImageEffects":true,"showParticleSystems":true,"showVisualEffectGraphs":true,"m_FxEnabled":true},"in2DMode":false,"pivot":{"x":1.282639503479004,"y":0.6616937518119812,"z":-33.468505859375},"rotation":{"x":0.18768523633480073,"y":-0.2548346221446991,"z":0.050492335110902789,"w":0.9472678899765015},"size":0.27361294627189639,"orthographic":false}