{"cameraMode":{"drawMode":0,"name":"Shaded","section":"Shading Mode"},"sceneLighting":true,"audioPlay":false,"sceneViewState":{"m_AlwaysRefresh":false,"showFog":true,"showSkybox":true,"showFlares":true,"showImageEffects":true,"showParticleSystems":true,"showVisualEffectGraphs":true,"m_FxEnabled":true},"in2DMode":false,"pivot":{"x":0.06539075076580048,"y":-0.9332596063613892,"z":-6.898885250091553},"rotation":{"x":0.26217222213745119,"y":-0.3167484700679779,"z":0.09156155586242676,"w":0.9069560766220093},"size":5.461823463439941,"orthographic":false}