{"cameraMode":{"drawMode":0,"name":"Shaded","section":"Shading Mode"},"sceneLighting":true,"audioPlay":false,"sceneViewState":{"m_AlwaysRefresh":false,"showFog":true,"showSkybox":true,"showFlares":true,"showImageEffects":true,"showParticleSystems":true,"showVisualEffectGraphs":true,"m_FxEnabled":true},"in2DMode":false,"pivot":{"x":0.12486239522695542,"y":0.5235406756401062,"z":-32.4875373840332},"rotation":{"x":0.1304357349872589,"y":-0.007133033592253923,"z":0.0009787153685465456,"w":0.9915187954902649},"size":0.3200467824935913,"orthographic":false}