{"cameraMode":{"drawMode":0,"name":"Shaded","section":"Shading Mode"},"sceneLighting":true,"audioPlay":false,"sceneViewState":{"m_AlwaysRefresh":false,"showFog":true,"showSkybox":true,"showFlares":true,"showImageEffects":true,"showParticleSystems":true,"showVisualEffectGraphs":true,"m_FxEnabled":true},"in2DMode":false,"pivot":{"x":-1.5590057373046876,"y":2.4260618686676027,"z":-17.855022430419923},"rotation":{"x":0.07405008375644684,"y":0.9121190905570984,"z":-0.3558819890022278,"w":0.1898406744003296},"size":0.003760268446058035,"orthographic":false}