{"cameraMode":{"drawMode":0,"name":"Shaded","section":"Shading Mode"},"sceneLighting":true,"audioPlay":false,"sceneViewState":{"m_AlwaysRefresh":false,"showFog":true,"showSkybox":true,"showFlares":true,"showImageEffects":true,"showParticleSystems":true,"showVisualEffectGraphs":true,"m_FxEnabled":true},"in2DMode":false,"pivot":{"x":-0.8577412366867065,"y":1.5601651668548585,"z":-31.51523208618164},"rotation":{"x":0.24397258460521699,"y":0.03257922828197479,"z":-0.008195824921131134,"w":0.9692161679267883},"size":2.3519914150238039,"orthographic":false}